{
    "data": [
        {
            "createdOn" : "16 Mar 2022",
            "invoiceTo" : "Barbara Moore",
            "amount" : "$1,54,220",
            "img" : "assets/img/profiles/avatar-04.jpg"
        },
        {
            "createdOn" : "18 Mar 2022",
            "invoiceTo" : " Karlene Chaidez",
            "amount" : "$1,222",
            "img" : "assets/img/profiles/avatar-06.jpg"
        },
        {
            "createdOn" : "7 Mar 2022",
            "invoiceTo" : "Russell Copeland",
            "amount" : "$3,470",
            "img" : "assets/img/profiles/avatar-08.jpg"
        },
        {
            "createdOn" : "24 Mar 2022",
            "invoiceTo" : " Joseph Collins",
            "amount" : "$8,265",
            "img" : "assets/img/profiles/avatar-10.jpg"
        },
        {
            "createdOn" : "17 Mar 2022",
            "invoiceTo" : "Jennifer Floyd",
            "amount" : "$5,200",
            "img" : "assets/img/profiles/avatar-11.jpg"
        }
    ],
    "totalData":5
}